t,net,cum,pos,sig
2024-10-08 00:00:00+00:00,-0.35666731850591327,-0.35666731850591327,1.0,-1.7164817997305737
2024-10-14 00:00:00+00:00,0.9808776712764888,0.6242103527705756,-1.0,0.6698496597435266
2024-10-24 00:00:00+00:00,0.6029057894472134,1.227116142217789,-1.0,0.5835474842274424
2024-10-28 00:00:00+00:00,-1.7996650724365215,-0.5725489302187325,1.0,-0.8770719185171916
2024-10-29 00:00:00+00:00,0.8427516027474014,0.2702026725286688,1.0,-0.7266582739059335
2024-11-06 00:00:00+00:00,-0.8861864744460746,-0.6159838019174058,1.0,-1.0327006380287052
2024-11-07 00:00:00+00:00,1.5449005432258323,0.9289167413084265,-1.0,0.706382497560587
2024-11-08 00:00:00+00:00,-0.8553497389684839,0.07356700233994262,1.0,-0.5691598779700824
2024-11-18 00:00:00+00:00,-0.058006502295596646,0.015560500044345976,-1.0,0.7478464212736791
2024-11-19 00:00:00+00:00,0.6776813400987314,0.6932418401430773,-1.0,0.5748779255063674
2024-11-25 00:00:00+00:00,0.18504842665789337,0.8782902668009707,1.0,-1.0901351788312974
2024-11-27 00:00:00+00:00,0.2442042376505105,1.1224945044514811,-1.0,0.7597776714948656
2024-12-11 00:00:00+00:00,-0.5810422180171837,0.5414522864342974,-1.0,0.6935775078368289
2025-01-24 00:00:00+00:00,0.5641605468251953,1.1056128332594928,1.0,-0.603416644480792
2025-01-27 00:00:00+00:00,-0.21165225146333785,0.8939605817961549,1.0,-1.2049768179274056
2025-01-28 00:00:00+00:00,0.5472794992907171,1.441240081086872,1.0,-1.0772249165222458
2025-01-29 00:00:00+00:00,-0.1871851230597221,1.2540549580271498,1.0,-1.5729773840973404
2025-02-07 00:00:00+00:00,-0.1506061841035666,1.1034487739235832,-1.0,0.5389403385880343
2025-02-13 00:00:00+00:00,-0.4463276422311846,0.6571211316923986,1.0,-0.6272537285318291
2025-03-12 00:00:00+00:00,1.2655254211377331,1.9226465528301317,1.0,-0.6861983537958194
2025-03-14 00:00:00+00:00,-0.3144610789099367,1.608185473920195,-1.0,0.976591026854301
2025-03-17 00:00:00+00:00,1.3458882563164931,2.954073730236688,1.0,-0.8299287780046738
2025-03-24 00:00:00+00:00,1.3160447119748364,4.270118442211524,1.0,-0.5577266021621896
2025-03-25 00:00:00+00:00,0.18918309877996256,4.459301540991487,-1.0,0.786966301839831
2025-03-28 00:00:00+00:00,0.905855548457476,5.365157089448963,1.0,-0.8866374548230804
2025-04-02 00:00:00+00:00,0.3631149908146247,5.728272080263587,1.0,-1.0197264842054188
2025-04-03 00:00:00+00:00,4.060537428142838,9.788809508406425,-1.0,0.9497519580449421
2025-04-07 00:00:00+00:00,-1.1266581985927926,8.662151309813632,-1.0,0.694119649223568
2025-04-08 00:00:00+00:00,0.7384032616335989,9.40055457144723,-1.0,1.292032781219632
2025-04-09 00:00:00+00:00,-1.2123465337106432,8.188208037736587,1.0,-1.5412402287867555
2025-04-10 00:00:00+00:00,-2.9065918956153545,5.281616142121232,1.0,-1.9411567059529178
2025-04-15 00:00:00+00:00,0.9693873258444696,6.251003467965702,-1.0,1.0565573317698362
2025-04-16 00:00:00+00:00,1.7385377068567875,7.989541174822489,1.0,-0.5400377832211256
2025-04-25 00:00:00+00:00,1.863078938526238,9.852620113348728,-1.0,0.5328843978301689
2025-04-28 00:00:00+00:00,-0.43965598157926,9.412964131769467,1.0,-1.612172318405547
2025-04-29 00:00:00+00:00,-1.3807261250069292,8.032238006762539,1.0,-0.5404546982330727
2025-04-30 00:00:00+00:00,-0.30152528667198086,7.730712720090557,1.0,-0.8864929156655377
2025-05-01 00:00:00+00:00,-0.735381088638013,6.995331631452545,1.0,-0.5059594760485009
2025-05-02 00:00:00+00:00,0.7687220641973325,7.764053695649877,-1.0,1.2617256278669498
2025-05-06 00:00:00+00:00,-1.0440643409782824,6.719989354671594,-1.0,1.5108747373872466
2025-05-08 00:00:00+00:00,-0.3871448476505257,6.332844507021068,-1.0,0.8678545635260271
2025-05-14 00:00:00+00:00,-0.3923156272787309,5.940528879742337,1.0,-0.5106698076517202
2025-05-15 00:00:00+00:00,-0.5250490375089101,5.415479842233427,1.0,-0.8588920012347456
2025-05-19 00:00:00+00:00,0.15415455869176256,5.56963440092519,1.0,-0.5646194477030742
2025-05-28 00:00:00+00:00,1.724380887661422,7.294015288586611,1.0,-0.9704162432426333
2025-05-29 00:00:00+00:00,2.466953992125972,9.760969280712583,-1.0,1.5774769336490468
2025-06-02 00:00:00+00:00,-1.7576274091074795,8.003341871605103,-1.0,0.5319983623840674
2025-06-12 00:00:00+00:00,-0.9800556362631585,7.023286235341945,1.0,-0.9975729891809837
2025-06-13 00:00:00+00:00,0.7122101805754866,7.7354964159174315,-1.0,6.839413783361725
2025-06-16 00:00:00+00:00,-2.596156344261694,5.139340071655738,1.0,-1.0317444378836638
2025-06-17 00:00:00+00:00,1.4123802133635144,6.551720285019252,1.0,-1.4218714213228845
2025-06-23 00:00:00+00:00,-1.9420459634812126,4.60967432153804,1.0,-0.6333122474061481
2025-06-24 00:00:00+00:00,1.518167714997506,6.1278420365355455,-1.0,1.4395892707432356
2025-06-30 00:00:00+00:00,-0.3605688673485019,5.767273169187043,-1.0,0.5742857689708059
2025-07-22 00:00:00+00:00,-0.13196230772615555,5.635310861460888,1.0,-0.5935949537083429
2025-07-31 00:00:00+00:00,-0.48643404858288775,5.148876812878,1.0,-0.6458617740686345
2025-08-18 00:00:00+00:00,-0.1514356927595972,4.997441120118403,-1.0,0.5034236251668656
2025-09-08 00:00:00+00:00,-0.7087283974796887,4.288712722638714,-1.0,0.5917150174164609
2025-09-12 00:00:00+00:00,2.82583655039654,7.114549273035253,1.0,-0.588945005223751
2025-09-15 00:00:00+00:00,0.3708376930142776,7.485386966049531,-1.0,0.6424627270508632
2025-09-23 00:00:00+00:00,2.5939412833444,10.079328249393932,1.0,-0.7118958121879126
2025-09-24 00:00:00+00:00,1.9965245089891692,12.075852758383101,1.0,-1.1780341755513346
2025-09-25 00:00:00+00:00,1.301786543948421,13.377639302331522,-1.0,1.2161198989812272
2025-09-26 00:00:00+00:00,0.013653636152485299,13.391292938484007,1.0,-1.306902295863832
2025-10-22 00:00:00+00:00,-0.01393843930408753,13.37735449917992,-1.0,1.055197308408995
2025-10-27 00:00:00+00:00,1.1509882032236762,14.528342702403595,1.0,-0.5794523821323727
2025-10-28 00:00:00+00:00,-1.540945934342034,12.987396768061561,1.0,-1.1431184164349295
2025-11-04 00:00:00+00:00,0.8811912554295331,13.868588023491094,-1.0,0.5903328215069115
2025-11-05 00:00:00+00:00,0.18742412016693136,14.056012143658025,-1.0,0.8299385753700816
2025-11-06 00:00:00+00:00,-0.4538625659809481,13.602149577677077,-1.0,0.7751964650592136
2025-11-07 00:00:00+00:00,-0.40717721159962195,13.194972366077454,-1.0,0.537209903096203
2025-11-10 00:00:00+00:00,-0.31235341988358534,12.882618946193869,-1.0,0.5044926584969689
2025-11-14 00:00:00+00:00,0.2065148462824873,13.089133792476357,-1.0,0.8267037050109893
2025-11-17 00:00:00+00:00,-0.21802715834937977,12.871106634126978,-1.0,0.5989928693902247
2025-11-20 00:00:00+00:00,1.5851965454005656,14.456303179527543,1.0,-0.9411740770526977
2025-11-24 00:00:00+00:00,-0.15916020798907635,14.297142971538467,-1.0,0.9946140183309415
2025-11-26 00:00:00+00:00,0.47016356176280083,14.767306533301268,-1.0,0.5842269013173862
2025-12-01 00:00:00+00:00,1.3111206602928938,16.078427193594163,-1.0,0.9557220460096882
2025-12-02 00:00:00+00:00,0.2884157679818611,16.366842961576022,1.0,-0.899336833730302
2025-12-05 00:00:00+00:00,0.7031830923914983,17.07002605396752,1.0,-0.8533456246000326
2025-12-17 00:00:00+00:00,-0.5502238169109253,16.519802237056595,-1.0,0.6928013607601313
2025-12-18 00:00:00+00:00,-0.6289963474113958,15.890805889645199,1.0,-0.8414488221327843
2026-01-12 00:00:00+00:00,-0.26651484628248734,15.624291043362712,1.0,-0.5800325149265984
2026-01-15 00:00:00+00:00,-1.0535788271534041,14.570712216209309,1.0,-1.0435854311825365
2026-01-27 00:00:00+00:00,0.6385328159452552,15.209245032154564,1.0,-0.8784091542388683
2026-01-29 00:00:00+00:00,-1.0279458633207594,14.181299168833805,-1.0,0.9331909842732244
2026-01-30 00:00:00+00:00,1.1968092929968333,15.378108461830639,1.0,-1.7083008596704086
2026-02-05 00:00:00+00:00,0.028773019339164457,15.406881481169803,1.0,-0.8594376608465848
2026-02-06 00:00:00+00:00,0.7510179406571138,16.157899421826915,-1.0,1.162788846162166
2026-02-19 00:00:00+00:00,-1.0783149618281562,15.07958445999876,-1.0,0.5555547102601421
2026-02-24 00:00:00+00:00,0.47216292103741897,15.55174738103618,-1.0,0.9576120049556103
2026-03-02 00:00:00+00:00,2.8997409309206437,18.451488311956822,1.0,-1.6322351558071824
2026-03-03 00:00:00+00:00,-4.448421952371987,14.003066359584835,-1.0,1.989989811148729
2026-03-05 00:00:00+00:00,0.161117606039648,14.164183965624483,-1.0,1.7253926078864001
2026-03-09 00:00:00+00:00,10.75313176279857,24.917315728423056,-1.0,7.4433613581013525
2026-03-10 00:00:00+00:00,6.489886696752008,31.407202425175065,-1.0,1.4020657951339777
2026-03-11 00:00:00+00:00,4.40705993966903,35.8142623648441,1.0,-3.6575574652829457
2026-03-12 00:00:00+00:00,1.658030349042613,37.47229271388671,-1.0,2.258926777890813
2026-03-13 00:00:00+00:00,2.067539579356922,39.539832293243634,1.0,-1.0631782036106152
2026-03-16 00:00:00+00:00,2.339765719386452,41.87959801263008,-1.0,0.6238079790617412
2026-03-17 00:00:00+00:00,0.7469963378757682,42.626594350505854,-1.0,1.4384227433228203
2026-03-18 00:00:00+00:00,6.988416356056955,49.61501070656281,1.0,-2.443270240587836
2026-03-19 00:00:00+00:00,-0.2459989859956024,49.36901172056721,-1.0,1.0150836331000335
2026-03-23 00:00:00+00:00,6.22405353554539,55.593065256112595,-1.0,0.8126310166464146
2026-03-24 00:00:00+00:00,0.9888365525432785,56.58190180865587,-1.0,3.2347709622121634
2026-03-25 00:00:00+00:00,-4.138626552265271,52.4432752563906,1.0,-0.5778637194213454
2026-03-26 00:00:00+00:00,-3.4225892034725622,49.02068605291804,-1.0,0.5926169259052205
2026-03-30 00:00:00+00:00,-0.7625605646884226,48.25812548822962,1.0,-0.6906713558275546
2026-03-31 00:00:00+00:00,0.09110375841676291,48.34922924664638,1.0,-2.035045920488021
2026-04-01 00:00:00+00:00,2.5455550779630878,50.89478432460947,-1.0,1.514712659634876
2026-04-02 00:00:00+00:00,-1.873707298863695,49.021077025745775,-1.0,6.360740043681812
2026-04-06 00:00:00+00:00,-1.2688418887539943,47.75223513699178,1.0,-1.674879284393549
2026-04-07 00:00:00+00:00,0.6965203821992028,48.44875551919098,-1.0,1.0788710599158646
2026-04-10 00:00:00+00:00,-0.33155029744091125,48.11720522175007,1.0,-0.5378056255361363
2026-04-13 00:00:00+00:00,-0.24543401369571446,47.871771208054355,1.0,-1.0944283326081883
2026-04-14 00:00:00+00:00,0.41829590888008084,48.29006711693444,-1.0,0.8010668145166822
2026-04-15 00:00:00+00:00,-0.18771372612376488,48.10235339081067,-1.0,1.1378133607052643
2026-04-22 00:00:00+00:00,2.1551439676579434,50.25749735846861,1.0,-1.1596939702780529
2026-04-23 00:00:00+00:00,1.1303142230595553,51.38781158152817,-1.0,1.7612919058375365
2026-04-27 00:00:00+00:00,0.7571671091299825,52.14497869065815,1.0,-0.8594317077264435
2026-04-28 00:00:00+00:00,-1.3051849662091308,50.83979372444902,-1.0,0.8640205164422321
2026-04-30 00:00:00+00:00,3.1503653660896105,53.990159090538626,-1.0,1.08354894269993
2026-05-05 00:00:00+00:00,-1.133655285558347,52.85650380498028,1.0,-0.5880787914953278
2026-05-06 00:00:00+00:00,4.674576470758637,57.531080275738915,-1.0,0.6337374518505801
2026-05-08 00:00:00+00:00,-0.6521655831736506,56.87891469256527,1.0,-1.1132806373643667
2026-05-11 00:00:00+00:00,1.5888574542609801,58.46777214682625,-1.0,0.7535300869156991
2026-05-12 00:00:00+00:00,-1.9607578381979163,56.507014308628335,-1.0,0.8537164409097686
2026-05-13 00:00:00+00:00,1.002571563621243,57.50958587224958,1.0,-0.846987752634909
2026-05-18 00:00:00+00:00,3.323414766125762,60.833000638375346,-1.0,0.6788558808936029
2026-05-19 00:00:00+00:00,-0.621501983337106,60.21149865503824,-1.0,0.7610506598523914
2026-05-27 00:00:00+00:00,-2.669051750733856,57.542446904304384,1.0,-1.3279373248282655
2026-05-28 00:00:00+00:00,1.8005439622718467,59.34299086657623,-1.0,2.071316182103189
2026-06-08 00:00:00+00:00,1.5052731675385533,60.848264034114784,-1.0,0.9741283055248351
2026-06-09 00:00:00+00:00,-0.982890123242478,59.86537391087231,1.0,-1.0173792690367334
2026-06-10 00:00:00+00:00,0.22030292573875457,60.085676836611064,1.0,-0.6809309082105086
2026-06-11 00:00:00+00:00,-1.8886990081867816,58.19697782842428,1.0,-0.5252652454839191
2026-06-15 00:00:00+00:00,-0.2460867930148136,57.95089103540947,1.0,-0.5966586894885717
2026-06-16 00:00:00+00:00,-3.441686926795154,54.50920410861431,1.0,-0.990692102110402
2026-06-17 00:00:00+00:00,1.3850950736911527,55.89429918230547,1.0,-1.2588116430857221
2026-06-18 00:00:00+00:00,0.26408433656312735,56.1583835188686,1.0,-0.9122022271877639
2026-06-22 00:00:00+00:00,-1.0879394850658397,55.07044403380276,1.0,-2.6602895391245163
2026-06-23 00:00:00+00:00,-0.45564405552758536,54.61479997827517,1.0,-0.8187276508120567
2026-06-25 00:00:00+00:00,0.8940079288461933,55.508807907121366,1.0,-1.0237509938988754
2026-06-26 00:00:00+00:00,-2.037542224822689,53.47126568229868,1.0,-1.2506684348129404
2026-07-02 00:00:00+00:00,-0.19968713873113383,53.27157854356754,1.0,-0.7020499739259445
2026-07-10 00:00:00+00:00,0.2572354117084086,53.52881395527595,-1.0,0.591012545113534
2026-07-13 00:00:00+00:00,0.538968224906341,54.06778218018229,-1.0,0.8158054997384978
2026-07-14 00:00:00+00:00,-2.6388999036215863,51.42888227656071,-1.0,0.7373085665157264
2026-07-16 00:00:00+00:00,1.2797352334531686,52.70861751001387,1.0,-0.7843575079692466
2026-07-21 00:00:00+00:00,2.567397338336549,55.27601484835042,1.0,-0.5167948246632137
2026-07-22 00:00:00+00:00,-2.470876537807579,52.805138310542844,-1.0,0.5782856197195096
2026-07-23 00:00:00+00:00,9.794487480036127,62.59962579057897,-1.0,0.9434967309335907
2026-07-27 00:00:00+00:00,2.371209530507609,64.97083532108658,-1.0,1.0884945794096046
2026-07-28 00:00:00+00:00,-1.2573453671468926,63.71348995393969,1.0,-0.7852536927718368
2026-07-29 00:00:00+00:00,-2.284872351650361,61.42861760228933,-1.0,1.2218992029899178
2026-07-30 00:00:00+00:00,0.9867638682786251,62.41538147056795,1.0,-0.8090472456770637
2026-07-31 00:00:00+00:00,2.8433659189195795,65.25874738948752,1.0,-1.9378525960886073
2026-08-04 00:00:00+00:00,4.2150618197164444,69.47380920920396,-1.0,1.2622023293908713
2026-08-05 00:00:00+00:00,2.8924105381449263,72.3662197473489,1.0,-0.5457549183643162
2026-08-12 00:00:00+00:00,1.5925901971526069,73.9588099445015,-1.0,0.9423423525204866
2026-08-26 00:00:00+00:00,0.5452498967058095,74.50405984120731,1.0,-0.8497303291997937
2026-08-31 00:00:00+00:00,1.8226716000145549,76.32673144122187,-1.0,0.613911233664366
2026-09-10 00:00:00+00:00,4.088815507038986,80.41554694826085,1.0,-0.8540323187644527
2026-09-11 00:00:00+00:00,-3.6241401245044744,76.79140682375638,1.0,-1.1298386002455696
2026-09-15 00:00:00+00:00,5.639717759429371,82.43112458318575,-1.0,0.5446977680080956
2026-09-21 00:00:00+00:00,3.982317890770234,86.41344247395598,1.0,-1.5457732438884708
2026-09-22 00:00:00+00:00,-1.852867456514632,84.56057501744135,-1.0,0.8621604445796516
2026-09-24 00:00:00+00:00,2.7266347166482876,87.28720973408964,1.0,-0.6336826864203338
2026-09-29 00:00:00+00:00,3.382970720878217,90.67018045496786,-1.0,1.0960034717074185
2026-09-30 00:00:00+00:00,-1.2623969257394874,89.40778352922838,-1.0,0.8248939576260828
2026-10-01 00:00:00+00:00,3.388359491894796,92.79614302112317,1.0,-0.8295755465558052
