hour,mean,wmean,median,n
0,-0.0127,-0.0176,0.0,489
1,0.0382,0.0242,0.031,493
2,0.0412,0.0258,0.0137,493
3,-0.0116,-0.0074,0.0133,493
4,-0.0061,-0.0098,0.0,493
5,-0.0174,-0.003,0.0,493
6,-0.0152,-0.0043,0.0362,495
7,-0.1563,-0.0308,-0.0155,495
8,-0.0015,-0.0047,0.0,497
9,0.0795,0.0534,0.0493,498
10,-0.0225,-0.0193,-0.0236,498
11,-0.0309,-0.0125,0.0388,498
12,0.0242,-0.017,0.0,498
13,-0.0159,-0.0164,0.0,499
14,0.0244,0.0235,0.0313,503
15,0.0605,0.0242,0.0159,503
16,-0.0344,-0.0261,0.0,502
17,0.0241,0.0297,0.0147,500
18,0.0557,0.0499,0.0158,497
19,0.0045,0.0227,0.0239,494
20,-0.0053,0.001,-0.0122,494
