t,r,gap,net
2024-10-07 00:00:00+00:00,0.852597857501336,-0.8453900797934844,0.822597857501336
2024-10-14 00:00:00+00:00,-2.8854797668705356,-1.647032873091936,-2.9154797668705354
2024-10-21 00:00:00+00:00,0.0409875369534074,0.0410043436239071,0.0109875369534074
2024-10-28 00:00:00+00:00,-1.8637804407295233,-3.3893785250470043,-1.8937804407295233
2024-11-04 00:00:00+00:00,-1.5376306973744036,1.68700543925262,-1.5676306973744036
2024-11-11 00:00:00+00:00,0.1897010621398687,-0.1893418785851142,0.1597010621398687
2024-11-18 00:00:00+00:00,0.26808918392611236,-0.2673723874744738,0.23808918392611236
2024-11-25 00:00:00+00:00,0.9438966670439752,0.952890973180387,0.9138966670439752
2024-12-09 00:00:00+00:00,0.19662836467564393,0.1970157535299721,0.16662836467564393
2024-12-16 00:00:00+00:00,0.026880821656771747,0.0268880493853762,-0.0031191783432282516
2024-12-23 00:00:00+00:00,0.15062386990309928,0.1508510876490953,0.12062386990309928
2024-12-30 00:00:00+00:00,0.2852086001713272,0.2860243662624828,0.2552086001713272
2025-01-06 00:00:00+00:00,0.0913238009533357,0.0914072775535457,0.0613238009533357
2025-01-13 00:00:00+00:00,0.39433110142600425,1.8193282724695337,0.3643311014260042
2025-01-27 00:00:00+00:00,0.692220100935681,0.6970451878385076,0.662220100935681
2025-02-03 00:00:00+00:00,0.36645255237732766,0.3678003662069384,0.33645255237732763
2025-02-10 00:00:00+00:00,-1.590264309625966,0.2814246539039056,-1.6202643096259661
2025-02-24 00:00:00+00:00,0.3223611465509868,0.323403674343603,0.2923611465509868
2025-03-03 00:00:00+00:00,0.2591663051957682,0.2598397222032478,0.22916630519576822
2025-03-10 00:00:00+00:00,0.672668631505946,-0.6681740343728482,0.642668631505946
2025-03-17 00:00:00+00:00,0.1687932527344116,1.4556823854842138,0.1387932527344116
2025-03-24 00:00:00+00:00,0.13942899110300777,0.1396236669732209,0.10942899110300777
2025-03-31 00:00:00+00:00,1.6359356025344551,-1.6096035254027363,1.605935602534455
2025-04-07 00:00:00+00:00,3.076190198797546,-2.984384844710164,3.046190198797546
2025-04-14 00:00:00+00:00,0.20137064394172288,-0.2009659574989997,0.17137064394172288
2025-04-28 00:00:00+00:00,0.014930790490264023,-0.0149285615380079,-0.015069209509735976
2025-05-05 00:00:00+00:00,2.427432199761914,-4.102230905493498,2.3974321997619144
2025-05-12 00:00:00+00:00,0.4051139529357428,0.4067618017498331,0.3751139529357428
2025-05-19 00:00:00+00:00,0.21364167901170017,0.2140990838892742,0.18364167901170017
2025-05-26 00:00:00+00:00,0.6969133504243441,-0.6920900822442233,0.6669133504243441
2025-06-02 00:00:00+00:00,-1.8776416301118815,1.9460858947655924,-1.9076416301118815
2025-06-09 00:00:00+00:00,0.22556620432918617,-0.2250585483042577,0.19556620432918617
2025-06-16 00:00:00+00:00,1.3888828618464966,1.4084445062118922,1.3588828618464965
2025-06-23 00:00:00+00:00,2.1279295378277885,2.174194872734647,2.0979295378277887
2025-06-30 00:00:00+00:00,0.3324788073008733,-0.3313770488412304,0.3024788073008733
2025-07-21 00:00:00+00:00,0.1730892015183505,0.1733893197073621,0.1430892015183505
2025-07-28 00:00:00+00:00,-2.550487514135691,0.4145059461837963,-2.5804875141356907
2025-08-04 00:00:00+00:00,0.3901232134555954,-0.3886071666891921,0.3601232134555954
2025-08-11 00:00:00+00:00,0.07557897368505317,0.0756361387024062,0.045578973685053176
2025-08-18 00:00:00+00:00,0.4576588991558106,-0.4555739245478918,0.42765889915581057
2025-09-08 00:00:00+00:00,-0.45515916506577714,0.5032049738346034,-0.48515916506577716
2025-09-15 00:00:00+00:00,-0.7769261029365149,0.0897226800200989,-0.8069261029365149
2025-09-22 00:00:00+00:00,1.2120382549681286,1.2269088597012925,1.1820382549681285
2025-09-29 00:00:00+00:00,0.7715806674326142,-0.7656728834878446,0.7415806674326142
2025-10-06 00:00:00+00:00,-0.27560911331270255,1.208738252056385,-0.3056091133127026
2025-10-13 00:00:00+00:00,0.09462446528214485,1.0840113345097937,0.06462446528214486
2025-10-20 00:00:00+00:00,-0.1966228646320678,-0.4242162381247305,-0.2266228646320678
2025-10-27 00:00:00+00:00,0.5489487653248082,-0.5459517698250815,0.5189487653248082
2025-11-03 00:00:00+00:00,1.4733067217818974,1.495337631621907,1.4433067217818973
2025-11-10 00:00:00+00:00,0.39413526532743326,-0.3925879378170793,0.36413526532743323
2025-11-17 00:00:00+00:00,1.2137460189658666,-1.1991908873113188,1.1837460189658666
2025-11-24 00:00:00+00:00,1.826184409663023,-1.7934330155355616,1.796184409663023
2025-12-08 00:00:00+00:00,0.7673060973747758,0.7732392089725204,0.7373060973747758
2025-12-15 00:00:00+00:00,0.2771922037616781,0.2779626946807001,0.24719220376167808
2025-12-22 00:00:00+00:00,-2.0220277909122064,0.5122296281331984,-2.052027790912206
2026-01-12 00:00:00+00:00,1.2541138510405836,1.2700416188971664,1.2241138510405836
2026-01-26 00:00:00+00:00,0.2770087655844522,-0.2762435467456137,0.2470087655844522
2026-02-09 00:00:00+00:00,0.8611757152118482,-0.8538228006021331,0.8311757152118482
2026-02-23 00:00:00+00:00,0.508044887455128,-0.5054768382212749,0.47804488745512796
2026-03-02 00:00:00+00:00,-0.07651771153960318,7.219030384684633,-0.10651771153960318
2026-03-09 00:00:00+00:00,14.637079618780003,17.14688245600393,14.607079618780004
2026-03-16 00:00:00+00:00,3.7730154170728003,-3.635834809183025,3.7430154170728005
2026-03-23 00:00:00+00:00,0.27087700554881966,0.2716127420110625,0.24087700554881966
2026-03-30 00:00:00+00:00,1.6115664969309607,1.637963365765649,1.5815664969309606
2026-04-13 00:00:00+00:00,4.978207641305987,9.317102526303024,4.948207641305987
2026-04-27 00:00:00+00:00,-0.6717379063775342,2.1184365597702426,-0.7017379063775342
2026-05-04 00:00:00+00:00,0.07390469381494125,0.0739593532484983,0.04390469381494125
2026-05-11 00:00:00+00:00,0.4006087214956433,3.504783680793788,0.3706087214956433
2026-05-18 00:00:00+00:00,1.1042733378289205,1.1166036947189095,1.0742733378289204
2026-06-01 00:00:00+00:00,-2.4731215610299007,2.063210268602056,-2.5031215610299005
2026-06-08 00:00:00+00:00,1.3407340137535417,2.556670938275407,1.3107340137535417
2026-06-15 00:00:00+00:00,-0.34606313241806186,-4.042137530382606,-0.3760631324180619
2026-06-29 00:00:00+00:00,0.5617258173847617,-0.558588083904632,0.5317258173847617
2026-07-13 00:00:00+00:00,-6.02932255058497,3.2100970180721555,-6.05932255058497
2026-07-20 00:00:00+00:00,2.823742647892935,2.9057948153543567,2.7937426478929352
2026-07-27 00:00:00+00:00,-4.560794945183721,-5.073358229639879,-4.590794945183721
2026-08-10 00:00:00+00:00,0.9836385739234399,0.9934101392503614,0.9536385739234399
2026-08-17 00:00:00+00:00,0.1691682970299646,0.1694549611019002,0.1391682970299646
2026-08-24 00:00:00+00:00,-1.4040783977912197,-1.1547794733963943,-1.4340783977912197
2026-08-31 00:00:00+00:00,1.663129729517987,1.691257536408708,1.633129729517987
2026-09-14 00:00:00+00:00,1.3292436148322984,2.8391178695865715,1.2992436148322983
2026-09-21 00:00:00+00:00,0.3131921075773869,-0.3122142771027736,0.2831921075773869
2026-09-28 00:00:00+00:00,1.1062583491269318,1.1186333236661072,1.0762583491269317
