hour,n,mean,wmean,win,t,IS,OOS
0,502,-0.006,-0.0047,45.8167,-1.74,-0.0064,-0.0056
1,502,-0.0,-0.0003,51.1952,-0.0,0.0034,-0.0034
2,501,0.0071,0.0068,52.2954,1.15,0.0018,0.0123
3,500,0.0074,0.0059,52.8,0.92,0.0074,0.0074
4,501,0.0023,0.0037,52.2954,0.33,0.0028,0.0019
5,503,0.0061,0.0048,52.4851,1.02,0.0051,0.0072
6,503,-0.0011,0.0039,52.8827,-0.15,0.0001,-0.0024
7,503,0.0043,0.0033,55.2684,0.49,-0.0052,0.0138
8,503,0.0029,0.0062,49.1054,0.3,0.0,0.0057
9,508,-0.0003,-0.0008,50.3937,-0.03,-0.0092,0.0085
10,503,0.0057,0.0038,53.4791,0.38,0.0091,0.0023
11,502,0.0031,0.0075,52.988,0.24,-0.002,0.0083
12,502,-0.0004,-0.0018,51.3944,-0.03,0.0005,-0.0012
13,495,0.024,0.0048,51.5152,1.34,0.0345,0.0139
14,495,-0.0068,-0.0072,52.7273,-0.58,-0.0024,-0.0111
15,495,-0.0071,-0.0085,47.8788,-0.54,0.0057,-0.0196
16,498,0.0036,0.0029,45.5823,0.5,-0.0036,0.0107
18,497,0.008,0.0051,50.1006,0.9,0.0018,0.0142
19,496,0.0053,0.0048,50.6048,0.94,0.0012,0.0093
20,499,0.0052,0.0074,51.503,0.8,-0.0055,0.0159
21,499,0.0096,0.0046,51.7034,1.44,0.0203,-0.0011
22,499,-0.0076,-0.0072,44.6894,-1.77,-0.0041,-0.011
23,500,-0.0003,0.0031,52.8,-0.08,-0.0003,-0.0004
